INSERT INTO ORDER_DB.ORDER__BASE.T_PROMOTION(PROMOTION_ID,CUSTOMER_CATEGORY,PROMOTION_TYPE,PROMOTION_VALUE,COMMENT)
VALUES
    ('1001','Gold','Discount',5,'PERCENT'),
    ('1002','Silver','Discount',3,'PERCENT'),
    ('1003','Bronze','Discount',1,'PERCENT'),
    ('1004','Regular','Coupon_X',0.03,'AMOUNT'),
    ('1005','Regular','Coupon_Y',0.02,'AMOUNT'),
    ('1006','Regular','Coupon_Z',0.01,'AMOUNT'),
    ('1007','Gold','Loyalty',100,'SPENT'),
    ('1008','Silver','Loyalty',50,'SPENT'),
    ('1009','Bronze','Loyalty',30,'SPENT')

select * from ORDER_DB.ORDER__BASE.T_PROMOTION 

truncate table ORDER_DB.ORDER__BASE.T_PROMOTION 
-- -------------------------------------
INSERT INTO ORDER_DB.ORDER__BASE.T_CUSTOMER (CUSTOMER_ID,ADDRESS,PHONE_NO,CATEGORY,STATUS,TOTAL_ORDERS,TOTAL_INVOICE_AMOUNT,LOYALTY_POINTS,CREATE_DATE,CREATE_USER)
VALUES
    ('c-1','Chennai','9080502121','Regular','ACTIVE',0,0,0,CURRENT_DATE,CURRENT_USER),
    ('c-2','Madurai','9994563782','Bronze','ACTIVE',0,0,0,CURRENT_DATE,CURRENT_USER),
    ('c-3','Pune','9935627814','Silver','ACTIVE',0,0,0,CURRENT_DATE,CURRENT_USER),
    ('c-4','Gauhati','9021210324','Gold','INACTIVE',0,0,0,CURRENT_DATE,CURRENT_USER),
    ('c-5','Mumbai','7708242013','Regular','INACTIVE',0,0,0,CURRENT_DATE,CURRENT_USER),
    ('c-6','Tanjore','9626502147','Silver','ACTIVE',0,0,0,CURRENT_DATE,CURRENT_USER),
    ('c-7','Dindugul','9686302516','Regular','ACTIVE',0,0,0,CURRENT_DATE,CURRENT_USER),
    ('c-8','Trichy','8668019425','Gold','INACTIVE',0,0,0,CURRENT_DATE,CURRENT_USER),
    ('c-9','Kadappa','9647825463','Regular','ACTIVE',0,0,0,CURRENT_DATE,CURRENT_USER),
    ('c-10','Bangalore','9000080000','Silver','ACTIVE',0,0,0,CURRENT_DATE,CURRENT_USER),
    ('c-11','Jodhpur','9999933333','Bronze','ACTIVE',0,0,0,CURRENT_DATE,CURRENT_USER),
    ('c-12','Delhi','9452018907','Regular','ACTIVE',0,0,0,CURRENT_DATE,CURRENT_USER) 

select * from ORDER_DB.ORDER__BASE.T_CUSTOMER   

-- -----------------------------------------------

INSERT INTO ORDER_DB.ORDER__BASE.T_SALES_ORDER_DETAIL(ORDER_ID,ORDER_DATE,CUSTOMER_ID,ITEM_ID,QTY,TOTAL_AMOUNT,CREATE_DATE,CREATE_USER,PRICE)
VALUES
    ('o-1','2024-04-20','c-1','i-1',3,0,CURRENT_DATE,CURRENT_USER,20),
    ('o-2',CURRENT_DATE,'c-1','i-3',2,0,CURRENT_DATE,CURRENT_USER,40),
    ('o-3','2024-04-25','c-2','i-5',10,0,CURRENT_DATE,CURRENT_USER,100),
    ('o-3',CURRENT_DATE,'c-2','i-2',20,0,CURRENT_DATE,CURRENT_USER,30),
    ('o-3',CURRENT_DATE,'c-2','i-4',1,0,CURRENT_DATE,CURRENT_USER,50),
    ('o-4',CURRENT_DATE,'c-3','i-1',8,0,CURRENT_DATE,CURRENT_USER,20),
    ('o-5',CURRENT_DATE,'c-4','i-3',16,0,CURRENT_DATE,CURRENT_USER,40),
    ('o-6',CURRENT_DATE,'c-5','i-2',31,0,CURRENT_DATE,CURRENT_USER,30),
    ('o-7',current_date,'c-6','i-5',7,0,CURRENT_DATE,CURRENT_USER,100)
    
SELECT * FROM ORDER_DB.ORDER__BASE.T_SALES_ORDER_DETAIL

i-1 -> 20
i-2 -> 30
i-3 -> 40
i-4 -> 50
i-5 -> 100
-- -----------------------------------------------

Truncate table ORDER_DB.ORDER__BASE.T_SALES_ORDER_HEADER

INSERT INTO ORDER_DB.ORDER__BASE.T_SALES_ORDER_HEADER
(ORDER_ID,ORDER_DATE,STATUS,CUSTOMER_ID,ITEM_COUNT,TOTAL_AMOUNT,DISCOUNT,CREATE_DATE,CREATE_USER,COUPON_CODE)
VALUES
('o-1','2024-04-20','OPEN','c-1',0,0,0,CURRENT_DATE,CURRENT_USER,'Coupon_X'),
('o-2','2024-05-26','OPEN','c-1',0,0,0,CURRENT_DATE,CURRENT_USER,'Coupon_X'),
('o-3','2024-04-25','OPEN','c-2',0,0,1,CURRENT_DATE,CURRENT_USER,'PERCENT'),
('o-3','2024-04-25','OPEN','c-2',0,0,1,CURRENT_DATE,CURRENT_USER,'PERCENT'),
('o-3','2024-04-25','OPEN','c-2',0,0,1,CURRENT_DATE,CURRENT_USER,'PERCENT'),
('o-4','2024-05-26','OPEN','c-3',0,0,3,CURRENT_DATE,CURRENT_USER,'SPENT'),
('o-5','2024-05-26','OPEN','c-4',0,0,5,CURRENT_DATE,CURRENT_USER,'PERCENT'),
('o-6','2024-05-26','OPEN','c-5',0,0,0,CURRENT_DATE,CURRENT_USER,'Coupon_Z'),
('o-7','2024-05-26','OPEN','c-6',0,0,3,CURRENT_DATE,CURRENT_USER,'SPENT')

SELECT * from ORDER_DB.ORDER__BASE.T_SALES_ORDER_HEADER
-- -------------------------------------------------------------
INSERT INTO ORDER_DB.ORDER__BASE.T_INVOICE(
    ORDER_ID,ORDER_DATE,INVOICE_DATE,TAX_AMOUNT,TOTAL_AMOUNT,DISCOUNT,FINAL_INVOICE_AMT,CUSTOMER_ID,CREATE_DATE,CREATE_USER)
VALUES
    ('o-1','2024-04-20',CURRENT_DATE,0,0,0,0,'c-1',CURRENT_DATE,CURRENT_USER),
    ('o-2','2024-05-26',CURRENT_DATE,0,0,0,0,'c-1',CURRENT_DATE,CURRENT_USER),
    ('o-3','2024-04-25',CURRENT_DATE,0,0,0,0,'c-2',CURRENT_DATE,CURRENT_USER),
    ('o-3','2024-04-25',CURRENT_DATE,0,0,0,0,'c-2',CURRENT_DATE,CURRENT_USER),
    ('o-3','2024-04-25',CURRENT_DATE,0,0,0,0,'c-2',CURRENT_DATE,CURRENT_USER),
    ('o-4','2024-05-26',CURRENT_DATE,0,0,0,0,'c-3',CURRENT_DATE,CURRENT_USER),
    ('o-5','2024-05-26',CURRENT_DATE,0,0,0,0,'c-4',CURRENT_DATE,CURRENT_USER),
    ('o-6','2024-05-26',CURRENT_DATE,0,0,0,0,'c-5',CURRENT_DATE,CURRENT_USER),
    ('o-7','2024-05-26',CURRENT_DATE,0,0,0,0,'c-6',CURRENT_DATE,CURRENT_USER)

